<?xml version="1.0" encoding="UTF-8"?>
<!DOCTYPE suite SYSTEM "http://testng.org/testng-1.0.dtd">
<suite name="WELL Frontend Regression">
<listeners>
<listener class-name="com.Well.Engine.TestNGEmailableReport2" />
</listeners>
<suite-files>
    <suite-file path="V2Projecttestng.xml"></suite-file>
    <!-- <suite-file path="WPRtestng.xml"></suite-file>
   <suite-file path="HSRtestng.xml"></suite-file>
   <suite-file path="Examtestng.xml"></suite-file>
    <suite-file path="Facultytestng.xml"></suite-file>
    <suite-file path="Membershiptestng.xml"></suite-file>
     <suite-file path="Portfoliotestng.xml"></suite-file>-->
</suite-files>
</suite>