<!DOCTYPE suite SYSTEM "http://testng.org/testng-1.0.dtd" >


<suite name="WELLAutomation">

<parameter name="browserName" value="chrome"/>
<parameter name="environment" value="Test"/>

 <test name="Cornerstone Membership" >
<parameter name="SheetName" value="Membership"/>
<parameter name="rowNum" value="2"/>
<parameter name="MembershipName" value="Cornerstone"/>
<classes>
<class name="com.Well.testcases.Faculty.TC_05_BulkDeleteInitialTest"></class>
<class name="com.Well.testcases.login.TC_01_LoginTest"></class>
<class name="com.Well.testcases.Membership.TC_02_RegisterMembershipTest"></class>
<class name="com.Well.testcases.Membership.TC_03_EnrollTest"></class>
<class name="com.Well.testcases.Membership.TC_04_BillingTest"></class>
<class name="com.Well.testcases.Faculty.TC_05_BulkDeleteTest"></class>
</classes>
</test>

</suite>  