<!DOCTYPE suite SYSTEM "http://testng.org/testng-1.0.dtd" >


<suite name="V2 Project module">

<parameter name="browserName" value="chrome"/>
<parameter name="environment" value="Test"/>

<test name="WELL-At-Scale-Custom">
		<parameter name="SheetName" value="Portfolio" />
		<parameter name="rowNum" value="2" />
		<classes>
		<class name="com.Well.testcases.login.TC_01_LoginTest"></class>
		<class name="com.Well.testcases.Portfolio.Portfolio_TC_02_RegisterPortfolioTest"></class> 
		<class name="com.Well.testcases.Portfolio.Portfolio_TC_03_SearchPortfolioByNameTest"></class>
		<class name="com.Well.testcases.Portfolio.Portfolio_TC_04_SignAndSubscribePortfolioTest"></class> 
		<class name="com.Well.testcases.Portfolio.Portfolio_TC_05_PortfolioPaymentTest"></class> 
		<class name="com.Well.testcases.Portfolio.Portfolio_TC_06_PortfolioLocationImportTest"></class> 
		

</classes>
</test>

 
</suite>  