<!DOCTYPE suite SYSTEM "http://testng.org/testng-1.0.dtd" >


<suite name="WELLAutomation">

<parameter name="browserName" value="chrome"/>
<parameter name="environment" value="Test"/>


 <test name="WELL-Tests" >
<parameter name="SheetName" value="V2Project"/>
<parameter name="rowNum" value="2"/>
<classes>
<class name="com.Well.testcases.login.TC_01_LoginTest"></class>
<class name="com.Well.testcases.V2Project.TC_02_RegisterV2ProjectTest"></class>
<class name="com.Well.testcases.V2Project.TC_03_SearchV2ProjectByIdTest"></class>
<class name="com.Well.testcases.V2Project.TC_04_EnrollV2ProjectTest"></class>
<class name="com.Well.testcases.V2Project.TC_05_BillingV2ProjectTest"></class>
<class name="com.Well.testcases.V2Project.TC_06_AgreementV2ProjectTest"></class> 
<class name="com.Well.testcases.V2Project.TC_07_ScorecardV2ProjectTest"></class>
<class name="com.Well.testcases.V2Project.TC_08_DocumentV2ProjectTest"></class>
<class name="com.Well.testcases.V2Project.TC_09_ReviewV2ProjectTest"></class>
<class name="com.Well.testcases.V2Project.TC_10_HealthSafetyV2ProjectTest"></class>
<class name="com.Well.testcases.V2Project.TC_11_HealthSafetyReviewV2ProjectTest"></class>
<class name="com.Well.testcases.V2Project.TC_12_PerformanceV2ProjectTest"></class>
<class name="com.Well.testcases.V2Project.TC_13_PerformanceReviewV2ProjectTest"></class>
<class name="com.Well.testcases.V2Project.TC_14_TeamV2ProjectTest"></class>

</classes>
</test>


</suite>  