<!DOCTYPE suite SYSTEM "http://testng.org/testng-1.0.dtd" >


<suite name="Faculty Module">

<parameter name="browserName" value="chrome"/>
<parameter name="environment" value="Test"/>

 <test name="WELL-Faculty" >
<parameter name="SheetName" value="Faculty"/>
<parameter name="rowNum" value="2"/>
<classes>
<class name="com.Well.testcases.Faculty.Faculty_TC_05_BulkDeleteInitialTest"></class>
  <class name="com.Well.testcases.login.TC_01_LoginTest"></class>
 <class name="com.Well.testcases.Faculty.Faculty_TC_02_RegisterFacultyTest"></class>
 <class name="com.Well.testcases.Faculty.Faculty_TC_03_AgreementFacultyTest"></class>
 <class name="com.Well.testcases.Faculty.Faculty_TC_04_SubmitReviewTest"></class>
 <class name="com.Well.testcases.Faculty.Faculty_TC_06_ResultReviewTest"></class>
 <!-- <class name="com.Well.testcases.Faculty.Faculty_TC_07_BillingTest"></class>
 <class name="com.Well.testcases.Faculty.Faculty_TC_08_FacultyOrientationTest"></class>
 <class name="com.Well.testcases.Faculty.Faculty_TC_09_FacultyKeepLearningTest"></class>
 <class name="com.Well.testcases.Faculty.Faculty_TC_10_FacultyReportingTest"></class>
 <class name="com.Well.testcases.Faculty.Faculty_TC_11_FacultyMarketingToolkitTest"></class>
 <class name="com.Well.testcases.Faculty.Faculty_TC_12_FacultyResourcesTest"></class>
 <class name="com.Well.testcases.Faculty.Faculty_TC_05_BulkDeleteTest"></class>-->

</classes>
</test>
</suite>  