<!DOCTYPE suite SYSTEM "http://testng.org/testng-1.0.dtd" >


<suite name="Membership module">

<parameter name="browserName" value="chrome"/>
<parameter name="environment" value="Test"/>

 <test name="WELL-Membership-CS" >
<parameter name="SheetName" value="Membership"/>
<parameter name="rowNum" value="2"/>
<parameter name="MembershipName" value="Cornerstone"/>
<classes>
<class name="com.Well.testcases.Faculty.Faculty_TC_05_BulkDeleteInitialTest"></class>
<class name="com.Well.testcases.login.TC_01_LoginTest"></class>
<class name="com.Well.testcases.Membership.Membership_TC_02_RegisterMembershipTest"></class>
<class name="com.Well.testcases.Membership.Membership_TC_03_EnrollTest"></class>
<class name="com.Well.testcases.Membership.Membership_TC_04_BillingTest"></class>
<class name="com.Well.testcases.Faculty.Faculty_TC_05_BulkDeleteTest"></class>
</classes>
</test>

 <test name="WELL-Membership-KS" >
<parameter name="SheetName" value="Membership"/>
<parameter name="rowNum" value="2"/>
<parameter name="MembershipName" value="Keystone"/>
<classes>
<class name="com.Well.testcases.Faculty.Faculty_TC_05_BulkDeleteInitialTest"></class>
<class name="com.Well.testcases.login.TC_01_LoginTest"></class>
<class name="com.Well.testcases.Membership.Membership_TC_02_RegisterMembershipTest"></class>
<class name="com.Well.testcases.Membership.Membership_TC_03_EnrollTest"></class>
<class name="com.Well.testcases.Membership.Membership_TC_04_BillingTest"></class>
<class name="com.Well.testcases.Faculty.Faculty_TC_05_BulkDeleteTest"></class>
</classes>
</test>

</suite>  