<!DOCTYPE suite SYSTEM "http://testng.org/testng-1.0.dtd" >


<suite name="V2 Project module">

<parameter name="browserName" value="chrome"/>
<parameter name="environment" value="Test"/>

<test name="WELL-V2-CoreProject" >
<parameter name="SheetName" value="V2Project"/>
<parameter name="rowNum" value="2"/>
<parameter name="ProjectType" value="WELLCore"/>
<parameter name="Country" value="US"/>
<parameter name="Discount" value="SectorDiscount"/>
<classes>
 <class name="com.Well.testcases.login.TC_01_LoginTest"></class>
 <class name="com.Well.testcases.Faculty.Faculty_TC_05_BulkDeleteInitialTest"></class>
<class name="com.Well.testcases.V2Project.V2_TC_02_RegisterV2ProjectTest"></class>
<class name="com.Well.testcases.V2Project.V2_TC_03_SearchV2ProjectByIdTest"></class>
<class name="com.Well.testcases.V2Project.V2_TC_04_EnrollV2ProjectTest"></class>
<class name="com.Well.testcases.V2Project.V2_TC_21_PricingV2ProjectTest"></class>
<class name="com.Well.testcases.V2Project.V2_TC_05_BillingV2ProjectTest"></class>
<class name="com.Well.testcases.V2Project.V2_TC_06_AgreementV2ProjectTest"></class> 
<class name="com.Well.testcases.V2Project.V2_TC_07_ScorecardV2ProjectTest"></class>
<class name="com.Well.testcases.V2Project.V2_TC_08_DocumentV2ProjectTest"></class>
<class name="com.Well.testcases.V2Project.V2_TC_09_ReviewV2ProjectTest"></class>
<class name="com.Well.testcases.V2Project.V2_TC_10_HealthSafetyV2ProjectTest"></class>
<class name="com.Well.testcases.V2Project.V2_TC_11_HealthSafetyReviewV2ProjectTest"></class>
<class name="com.Well.testcases.V2Project.V2_TC_12_PerformanceV2ProjectTest"></class>
<class name="com.Well.testcases.V2Project.V2_TC_13_PerformanceReviewV2ProjectTest"></class>
<class name="com.Well.testcases.V2Project.V2_TC_14_TeamV2ProjectTest"></class>
<class name="com.Well.testcases.V2Project.V2_TC_15_SupportV2ProjectTest"></class>
<class name="com.Well.testcases.V2Project.V2_TC_16_AlternativesV2ProjectTest"></class> 
<class name="com.Well.testcases.V2Project.V2_TC_17_OverviewAndValidateRegisterFieldsV2ProjectTest"></class> 
<class name="com.Well.testcases.V2Project.V2_TC_18_PromotionV2ProjectTest"></class> 
<class name="com.Well.testcases.V2Project.V2_TC_19_ProfileV2ProjectTest"></class> 
<class name="com.Well.testcases.V2Project.V2_TC_20_EditV2ProjectTest"></class> 
</classes>
</test>

 <test name="WELL-V2-CertificationProject" >
<parameter name="SheetName" value="V2Project"/>
<parameter name="rowNum" value="3"/>
<parameter name="ProjectType" value="WELLCertification"/>
<parameter name="Country" value="CN"/>
<parameter name="Discount" value="NoDiscount"/>
<classes>
<class name="com.Well.testcases.login.TC_01_LoginTest"></class>
<class name="com.Well.testcases.V2Project.V2_TC_02_RegisterV2ProjectTest"></class>
 <class name="com.Well.testcases.V2Project.V2_TC_03_SearchV2ProjectByIdTest"></class>
<class name="com.Well.testcases.V2Project.V2_TC_04_EnrollV2ProjectTest"></class>
<class name="com.Well.testcases.V2Project.V2_TC_21_PricingV2ProjectTest"></class>
<class name="com.Well.testcases.V2Project.V2_TC_05_BillingV2ProjectTest"></class>
<class name="com.Well.testcases.V2Project.V2_TC_06_AgreementV2ProjectTest"></class> 
<class name="com.Well.testcases.V2Project.V2_TC_07_ScorecardV2ProjectTest"></class>
<class name="com.Well.testcases.V2Project.V2_TC_08_DocumentV2ProjectTest"></class>
<class name="com.Well.testcases.V2Project.V2_TC_09_ReviewV2ProjectTest"></class>

</classes>
</test> 
</suite>  